FIPS,County,State,Insurance Coverage,Medicaid Enrollment,Gini Coefficient,Household Income,Annual Labor Force Participation Rate (2015-2019),Annual Unemployment Rate (2015-2019),Below Poverty,Uninsured,Monthly Unemployment Rate (Dec-22)
27001,Aitkin County,Minnesota,0.944743935309973,0.2628674111153895,0.4309,50900.0,0.4812662942271881,0.0558737037610277,0.0654296875,0.055256064690026974,0.063
27001,Aitkin County,Minnesota,0.944743935309973,0.2628674111153895,0.4309,50900.0,0.4812662942271881,0.0558737037610277,0.0654296875,0.055256064690026974,0.07200000000000001
27003,Anoka County,Minnesota,0.9574237727035542,0.15810240283060198,0.3894,88680.0,0.7086939708208824,0.038350497053396035,0.04149164166309473,0.042576227296445834,0.031000000000000003
27003,Anoka County,Minnesota,0.9574237727035542,0.15810240283060198,0.3894,88680.0,0.7086939708208824,0.038350497053396035,0.04149164166309473,0.042576227296445834,0.027000000000000003
27005,Becker County,Minnesota,0.9352322625375549,0.2385024266235267,0.4741,64296.0,0.622910914111321,0.03610382035578886,0.06285023623777607,0.06476773746244513,0.04
27005,Becker County,Minnesota,0.9352322625375549,0.2385024266235267,0.4741,64296.0,0.622910914111321,0.03610382035578886,0.06285023623777607,0.06476773746244513,0.044000000000000004
27007,Beltrami County,Minnesota,0.9133014017664894,0.28039724040954433,0.4425,55910.0,0.6305888998728993,0.05500313535787871,0.10297565374211001,0.08669859823351056,0.04
27007,Beltrami County,Minnesota,0.9133014017664894,0.28039724040954433,0.4425,55910.0,0.6305888998728993,0.05500313535787871,0.10297565374211001,0.08669859823351056,0.044000000000000004
27009,Benton County,Minnesota,0.9628369214076101,0.22411284555251412,0.3952,65529.0,0.7258841424768665,0.03916004540295119,0.05463230172156434,0.037163078592389875,0.043
27009,Benton County,Minnesota,0.9628369214076101,0.22411284555251412,0.3952,65529.0,0.7258841424768665,0.03916004540295119,0.05463230172156434,0.037163078592389875,0.052000000000000005
27011,Big Stone County,Minnesota,0.9408025427095749,0.2133492252681764,0.4501,58095.0,0.579520697167756,0.023809523809523808,0.08846990572878898,0.05919745729042514,0.049
27011,Big Stone County,Minnesota,0.9408025427095749,0.2133492252681764,0.4501,58095.0,0.579520697167756,0.023809523809523808,0.08846990572878898,0.05919745729042514,0.044000000000000004
27013,Blue Earth County,Minnesota,0.9634645391114905,0.17263814879147407,0.4257,65000.0,0.7132026561556762,0.033832059548407976,0.08583441138421734,0.03653546088850945,0.027999999999999997
27013,Blue Earth County,Minnesota,0.9634645391114905,0.17263814879147407,0.4257,65000.0,0.7132026561556762,0.033832059548407976,0.08583441138421734,0.03653546088850945,0.025
27015,Brown County,Minnesota,0.9587028716546201,0.14053526079312365,0.3959,62999.0,0.6637700534759359,0.027909653287296794,0.05356371490280778,0.04129712834537991,0.037000000000000005
27015,Brown County,Minnesota,0.9587028716546201,0.14053526079312365,0.3959,62999.0,0.6637700534759359,0.027909653287296794,0.05356371490280778,0.04129712834537991,0.03
27017,Carlton County,Minnesota,0.9550712002324906,0.207846556233653,0.4019,68579.0,0.5922373641538727,0.049574740766631716,0.06551038444542642,0.04492879976750941,0.045
27017,Carlton County,Minnesota,0.9550712002324906,0.207846556233653,0.4019,68579.0,0.5922373641538727,0.049574740766631716,0.06551038444542642,0.04492879976750941,0.049
27019,Carver County,Minnesota,0.971688986683865,0.09360180583481922,0.4134,107890.0,0.737783045657703,0.03037351897717384,0.022646426936216674,0.028311013316134948,0.023
27019,Carver County,Minnesota,0.971688986683865,0.09360180583481922,0.4134,107890.0,0.737783045657703,0.03037351897717384,0.022646426936216674,0.028311013316134948,0.026000000000000002
27021,Cass County,Minnesota,0.92360338491622,0.2736590135194363,0.4273,56487.0,0.5592878044759511,0.06654384672070744,0.07800099206349206,0.07639661508378004,0.054000000000000006
27021,Cass County,Minnesota,0.92360338491622,0.2736590135194363,0.4273,56487.0,0.5592878044759511,0.06654384672070744,0.07800099206349206,0.07639661508378004,0.07
27023,Chippewa County,Minnesota,0.919629057187017,0.20043927438379566,0.4135,59051.0,0.6431435445068163,0.05361596009975062,0.06672788490970309,0.08037094281298296,0.040999999999999995
27023,Chippewa County,Minnesota,0.919629057187017,0.20043927438379566,0.4135,59051.0,0.6431435445068163,0.05361596009975062,0.06672788490970309,0.08037094281298296,0.03
27025,Chisago County,Minnesota,0.9636208275761763,0.14648025598138317,0.3729,90870.0,0.6794446655170889,0.03448949046658424,0.03875866622647738,0.036379172423823714,0.038
27025,Chisago County,Minnesota,0.9636208275761763,0.14648025598138317,0.3729,90870.0,0.6794446655170889,0.03448949046658424,0.03875866622647738,0.036379172423823714,0.045
27027,Clay County,Minnesota,0.957163912807385,0.18259250639981384,0.4257,67984.0,0.7073607902493428,0.03978264541922406,0.06931020786442474,0.042836087192615,0.026000000000000002
27027,Clay County,Minnesota,0.957163912807385,0.18259250639981384,0.4257,67984.0,0.7073607902493428,0.03978264541922406,0.06931020786442474,0.042836087192615,0.023
27029,Clearwater County,Minnesota,0.8894167953438651,0.23838935740586767,0.4501,56605.0,0.5953319187632616,0.079938900203666,0.08987701040681173,0.11058320465613491,0.078
27029,Clearwater County,Minnesota,0.8894167953438651,0.23838935740586767,0.4501,56605.0,0.5953319187632616,0.079938900203666,0.08987701040681173,0.11058320465613491,0.096
27031,Cook County,Minnesota,0.9433008306247743,0.18689057421451788,0.4177,65045.0,0.6271856786011657,0.017922336541652838,0.04539559014267185,0.05669916937522568,0.051
27031,Cook County,Minnesota,0.9433008306247743,0.18689057421451788,0.4177,65045.0,0.6271856786011657,0.017922336541652838,0.04539559014267185,0.05669916937522568,0.049
27033,Cottonwood County,Minnesota,0.9569323095931516,0.1655634983673109,0.4128,56297.0,0.6371355155848508,0.041907767841486934,0.07864406779661016,0.043067690406848436,0.03
27033,Cottonwood County,Minnesota,0.9569323095931516,0.1655634983673109,0.4128,56297.0,0.6371355155848508,0.041907767841486934,0.07864406779661016,0.043067690406848436,0.027000000000000003
27035,Crow Wing County,Minnesota,0.9414337005554362,0.23512443612483505,0.4323,60810.0,0.6068597132414957,0.04709842799345255,0.07064908491531204,0.05856629944456382,0.049
27035,Crow Wing County,Minnesota,0.9414337005554362,0.23512443612483505,0.4323,60810.0,0.6068597132414957,0.04709842799345255,0.07064908491531204,0.05856629944456382,0.047
27037,Dakota County,Minnesota,0.9643207855973813,0.1351398077499366,0.4114,93892.0,0.7267691024289084,0.03950740031201753,0.034794228149485025,0.035679214402618675,0.025
27037,Dakota County,Minnesota,0.9643207855973813,0.1351398077499366,0.4114,93892.0,0.7267691024289084,0.03950740031201753,0.034794228149485025,0.035679214402618675,0.027999999999999997
27039,Dodge County,Minnesota,0.9567570179253032,0.14678455814852395,0.377,84568.0,0.7223463687150838,0.027326630574890435,0.03732912723449001,0.04324298207469679,0.039
27039,Dodge County,Minnesota,0.9567570179253032,0.14678455814852395,0.377,84568.0,0.7223463687150838,0.027326630574890435,0.03732912723449001,0.04324298207469679,0.028999999999999998
27041,Douglas County,Minnesota,0.9684218774486758,0.14412579010604398,0.4344,69069.0,0.6476236507169325,0.031991641375192795,0.04343525179856115,0.031578122551324195,0.033
27041,Douglas County,Minnesota,0.9684218774486758,0.14412579010604398,0.4344,69069.0,0.6476236507169325,0.031991641375192795,0.04343525179856115,0.031578122551324195,0.031000000000000003
27043,Faribault County,Minnesota,0.9469071788505076,0.21456218505805885,0.4303,55186.0,0.6472850881116379,0.044361525704809286,0.07654455986878075,0.05309282114949243,0.042
27043,Faribault County,Minnesota,0.9469071788505076,0.21456218505805885,0.4303,55186.0,0.6472850881116379,0.044361525704809286,0.07654455986878075,0.05309282114949243,0.042
27045,Fillmore County,Minnesota,0.9151346421542744,0.1873949983199731,0.3977,67195.0,0.673054833444169,0.03413275846582233,0.05198191933240612,0.08486535784572558,0.042
27045,Fillmore County,Minnesota,0.9151346421542744,0.1873949983199731,0.3977,67195.0,0.673054833444169,0.03413275846582233,0.05198191933240612,0.08486535784572558,0.031000000000000003
27047,Freeborn County,Minnesota,0.9456735819327731,0.23647584033613445,0.43,59862.0,0.6288396940386094,0.04138241729952375,0.07148067104303428,0.054326418067226934,0.031000000000000003
27047,Freeborn County,Minnesota,0.9456735819327731,0.23647584033613445,0.43,59862.0,0.6288396940386094,0.04138241729952375,0.07148067104303428,0.054326418067226934,0.032
27049,Goodhue County,Minnesota,0.9422191774956649,0.16197469546787693,0.4104,71414.0,0.6615070322935491,0.037098626123450926,0.05788503166840375,0.05778082250433514,0.034
27049,Goodhue County,Minnesota,0.9422191774956649,0.16197469546787693,0.4104,71414.0,0.6615070322935491,0.037098626123450926,0.05788503166840375,0.05778082250433514,0.028999999999999998
27051,Grant County,Minnesota,0.9465712383488681,0.25732356857523303,0.4553,60781.0,0.638125,0.04178909565785178,0.05197132616487455,0.05342876165113186,0.039
27051,Grant County,Minnesota,0.9465712383488681,0.25732356857523303,0.4553,60781.0,0.638125,0.04178909565785178,0.05197132616487455,0.05342876165113186,0.045
27053,Hennepin County,Minnesota,0.951937247444735,0.1703755645352983,0.4788,85438.0,0.7229403458572394,0.043468405493374884,0.05696476147388529,0.04806275255526504,0.024
27053,Hennepin County,Minnesota,0.951937247444735,0.1703755645352983,0.4788,85438.0,0.7229403458572394,0.043468405493374884,0.05696476147388529,0.04806275255526504,0.026000000000000002
27055,Houston County,Minnesota,0.9529512863204254,0.14630216445566357,0.4083,62397.0,0.6760945883288071,0.015577544822180857,0.039453125,0.04704871367957464,0.028999999999999998
27055,Houston County,Minnesota,0.9529512863204254,0.14630216445566357,0.4083,62397.0,0.6760945883288071,0.015577544822180857,0.039453125,0.04704871367957464,0.037000000000000005
27057,Hubbard County,Minnesota,0.9406392694063926,0.2358732876712329,0.4209,63122.0,0.5886594940389648,0.04366725943489429,0.06251050243656528,0.05936073059360736,0.057
27057,Hubbard County,Minnesota,0.9406392694063926,0.2358732876712329,0.4209,63122.0,0.5886594940389648,0.04366725943489429,0.06251050243656528,0.05936073059360736,0.065
27059,Isanti County,Minnesota,0.9514642283454837,0.18438156431483999,0.3982,78687.0,0.6778932169873505,0.04533036995879057,0.059952746603662135,0.04853577165451628,0.045
27059,Isanti County,Minnesota,0.9514642283454837,0.18438156431483999,0.3982,78687.0,0.6778932169873505,0.04533036995879057,0.059952746603662135,0.04853577165451628,0.054000000000000006
27061,Itasca County,Minnesota,0.9511831310597328,0.24157570004746085,0.4341,58393.0,0.5578933043004899,0.06557057130311753,0.07298456260720412,0.048816868940267155,0.057999999999999996
27061,Itasca County,Minnesota,0.9511831310597328,0.24157570004746085,0.4341,58393.0,0.5578933043004899,0.06557057130311753,0.07298456260720412,0.048816868940267155,0.062000000000000006
27063,Jackson County,Minnesota,0.9619729675206778,0.18287270526528143,0.4293,64134.0,0.6585698351716446,0.030861874294316898,0.052591463414634144,0.038027032479322154,0.026000000000000002
27063,Jackson County,Minnesota,0.9619729675206778,0.18287270526528143,0.4293,64134.0,0.6585698351716446,0.030861874294316898,0.052591463414634144,0.038027032479322154,0.028999999999999998
27065,Kanabec County,Minnesota,0.9402777777777778,0.24779040404040403,0.3979,60982.0,0.6182795698924731,0.04472049689440994,0.0566736062919269,0.05972222222222223,0.071
27065,Kanabec County,Minnesota,0.9402777777777778,0.24779040404040403,0.3979,60982.0,0.6182795698924731,0.04472049689440994,0.0566736062919269,0.05972222222222223,0.084
27067,Kandiyohi County,Minnesota,0.9368197318634092,0.21429906105479515,0.4184,67798.0,0.6862791314339589,0.03374404327480359,0.07344285337784415,0.06318026813659083,0.040999999999999995
27067,Kandiyohi County,Minnesota,0.9368197318634092,0.21429906105479515,0.4184,67798.0,0.6862791314339589,0.03374404327480359,0.07344285337784415,0.06318026813659083,0.036000000000000004
27069,Kittson County,Minnesota,0.9379901960784314,0.18970588235294117,0.3919,60676.0,0.6341248900615655,0.03421174294960703,0.04279069767441861,0.06200980392156863,0.038
27069,Kittson County,Minnesota,0.9379901960784314,0.18970588235294117,0.3919,60676.0,0.6341248900615655,0.03421174294960703,0.04279069767441861,0.06200980392156863,0.032
27071,Koochiching County,Minnesota,0.9389147802929427,0.2203728362183755,0.4116,54708.0,0.5825825825825826,0.05271034253408713,0.08775193798449613,0.06108521970705727,0.044000000000000004
27071,Koochiching County,Minnesota,0.9389147802929427,0.2203728362183755,0.4116,54708.0,0.5825825825825826,0.05271034253408713,0.08775193798449613,0.06108521970705727,0.046
27073,Lac qui Parle County,Minnesota,0.9745290128108516,0.21130369253956294,0.4468,60718.0,0.5893212669683258,0.02364864864864865,0.0551611141452758,0.02547098718914842,0.042
27073,Lac qui Parle County,Minnesota,0.9745290128108516,0.21130369253956294,0.4468,60718.0,0.5893212669683258,0.02364864864864865,0.0551611141452758,0.02547098718914842,0.035
27075,Lake County,Minnesota,0.9513381995133819,0.16984839977540708,0.3945,66828.0,0.5602082640965991,0.03381451453430888,0.04644638403990025,0.048661800486618056,0.06
27075,Lake County,Minnesota,0.9513381995133819,0.16984839977540708,0.3945,66828.0,0.5602082640965991,0.03381451453430888,0.04644638403990025,0.048661800486618056,0.055999999999999994
27077,Lake of the Woods County,Minnesota,0.9383580080753702,0.2320323014804845,0.3995,55913.0,0.5974658869395711,0.052202283849918436,0.06370192307692307,0.061641991924629824,0.037000000000000005
27077,Lake of the Woods County,Minnesota,0.9383580080753702,0.2320323014804845,0.3995,55913.0,0.5974658869395711,0.052202283849918436,0.06370192307692307,0.061641991924629824,0.033
27079,Le Sueur County,Minnesota,0.9463764548683147,0.15619395899996483,0.3946,80425.0,0.6987807581467523,0.037243829706236915,0.05917011407797418,0.053623545131685324,0.063
27079,Le Sueur County,Minnesota,0.9463764548683147,0.15619395899996483,0.3946,80425.0,0.6987807581467523,0.037243829706236915,0.05917011407797418,0.053623545131685324,0.053
27081,Lincoln County,Minnesota,0.948410535876476,0.18528610354223432,0.4408,58621.0,0.6243081691388089,0.02127659574468085,0.05126498002663116,0.051589464123524054,0.037000000000000005
27081,Lincoln County,Minnesota,0.948410535876476,0.18528610354223432,0.4408,58621.0,0.6243081691388089,0.02127659574468085,0.05126498002663116,0.051589464123524054,0.053
27083,Lyon County,Minnesota,0.9391463027610283,0.2237781656616947,0.4566,62388.0,0.6828907048008171,0.033729713559195275,0.09122365523749607,0.060853697238971716,0.027999999999999997
27083,Lyon County,Minnesota,0.9391463027610283,0.2237781656616947,0.4566,62388.0,0.6828907048008171,0.033729713559195275,0.09122365523749607,0.060853697238971716,0.033
27085,McLeod County,Minnesota,0.9482517098360206,0.17502128711511522,0.4308,67067.0,0.6815841855995607,0.03333333333333333,0.04461970613656007,0.051748290163979416,0.042
27085,McLeod County,Minnesota,0.9482517098360206,0.17502128711511522,0.4308,67067.0,0.6815841855995607,0.03333333333333333,0.04461970613656007,0.051748290163979416,0.037000000000000005
27087,Mahnomen County,Minnesota,0.8575925925925926,0.41574074074074074,0.4392,48021.0,0.5730048755452912,0.09046126287505597,0.16516023007395234,0.14240740740740743,0.067
27087,Mahnomen County,Minnesota,0.8575925925925926,0.41574074074074074,0.4392,48021.0,0.5730048755452912,0.09046126287505597,0.16516023007395234,0.14240740740740743,0.065
27089,Marshall County,Minnesota,0.9598224195338513,0.17713651498335184,0.3927,64239.0,0.632689904179975,0.02875329236172081,0.03814477676636324,0.04017758046614872,0.067
27089,Marshall County,Minnesota,0.9598224195338513,0.17713651498335184,0.3927,64239.0,0.632689904179975,0.02875329236172081,0.03814477676636324,0.04017758046614872,0.055999999999999994
27091,Martin County,Minnesota,0.9380815854333283,0.22921382224234194,0.4302,57002.0,0.6524579962663348,0.05436337625178827,0.08423763104653302,0.06191841456667169,0.033
27091,Martin County,Minnesota,0.9380815854333283,0.22921382224234194,0.4302,57002.0,0.6524579962663348,0.05436337625178827,0.08423763104653302,0.06191841456667169,0.028999999999999998
27093,Meeker County,Minnesota,0.9575208913649025,0.19080779944289694,0.4203,67099.0,0.6444420155208219,0.023829715061058344,0.042672841548130995,0.04247910863509752,0.042
27093,Meeker County,Minnesota,0.9575208913649025,0.19080779944289694,0.4203,67099.0,0.6444420155208219,0.023829715061058344,0.042672841548130995,0.04247910863509752,0.047
27095,Mille Lacs County,Minnesota,0.9414979601262412,0.27014856439073204,0.4209,61995.0,0.6456832805147412,0.05830296720458095,0.0772351615326822,0.05850203987375879,0.08
27095,Mille Lacs County,Minnesota,0.9414979601262412,0.27014856439073204,0.4209,61995.0,0.6456832805147412,0.05830296720458095,0.0772351615326822,0.05850203987375879,0.064
27097,Morrison County,Minnesota,0.9526906097124448,0.22467485980193294,0.4291,61873.0,0.6549519572288481,0.0449252197739468,0.06496674057649668,0.04730939028755521,0.064
27097,Morrison County,Minnesota,0.9526906097124448,0.22467485980193294,0.4291,61873.0,0.6549519572288481,0.0449252197739468,0.06496674057649668,0.04730939028755521,0.075
27099,Mower County,Minnesota,0.948326958636237,0.2387091871627954,0.4366,60386.0,0.6525585766600771,0.030343663090981327,0.08310222817251602,0.05167304136376305,0.027999999999999997
27099,Mower County,Minnesota,0.948326958636237,0.2387091871627954,0.4366,60386.0,0.6525585766600771,0.030343663090981327,0.08310222817251602,0.05167304136376305,0.033
27101,Murray County,Minnesota,0.9549195430536789,0.18769192973836138,0.4049,69250.0,0.6328160313394606,0.02761904761904762,0.03090909090909091,0.045080456946321124,0.065
27101,Murray County,Minnesota,0.9549195430536789,0.18769192973836138,0.4049,69250.0,0.6328160313394606,0.02761904761904762,0.03090909090909091,0.045080456946321124,0.049
27103,Nicollet County,Minnesota,0.9661186142102173,0.1606283029947152,0.4676,74317.0,0.7276378240233662,0.018916206723532364,0.04746455179043499,0.033881385789782725,0.025
27103,Nicollet County,Minnesota,0.9661186142102173,0.1606283029947152,0.4676,74317.0,0.7276378240233662,0.018916206723532364,0.04746455179043499,0.033881385789782725,0.023
27105,Nobles County,Minnesota,0.8888939566704676,0.24314709236031928,0.425,57101.0,0.6611540535682185,0.028366866050389704,0.07388484967577127,0.11110604332953244,0.03
27105,Nobles County,Minnesota,0.8888939566704676,0.24314709236031928,0.425,57101.0,0.6611540535682185,0.028366866050389704,0.07388484967577127,0.11110604332953244,0.025
27107,Norman County,Minnesota,0.9354029476324867,0.22013170272812793,0.44,58846.0,0.6306078850262187,0.05697566984909147,0.05609756097560976,0.06459705236751334,0.049
27107,Norman County,Minnesota,0.9354029476324867,0.22013170272812793,0.44,58846.0,0.6306078850262187,0.05697566984909147,0.05609756097560976,0.06459705236751334,0.040999999999999995
27109,Olmsted County,Minnesota,0.9638545893052293,0.14547350173975304,0.4522,84656.0,0.7111010154145346,0.03235857832972797,0.04578214182064429,0.03614541069477073,0.025
27109,Olmsted County,Minnesota,0.9638545893052293,0.14547350173975304,0.4522,84656.0,0.7111010154145346,0.03235857832972797,0.04578214182064429,0.03614541069477073,0.022000000000000002
27111,Otter Tail County,Minnesota,0.9481626852541111,0.1861169384854842,0.4321,63587.0,0.6262529634405024,0.043833432954771864,0.05068817073910144,0.05183731474588893,0.051
27111,Otter Tail County,Minnesota,0.9481626852541111,0.1861169384854842,0.4321,63587.0,0.6262529634405024,0.043833432954771864,0.05068817073910144,0.05183731474588893,0.04
27113,Pennington County,Minnesota,0.9720980533525595,0.17173756308579669,0.3961,64268.0,0.686349830266214,0.029806065339060262,0.07739592064822576,0.0279019466474405,0.052000000000000005
27113,Pennington County,Minnesota,0.9720980533525595,0.17173756308579669,0.3961,64268.0,0.686349830266214,0.029806065339060262,0.07739592064822576,0.0279019466474405,0.046
27115,Pine County,Minnesota,0.9359411252900232,0.22784947795823665,0.4133,59840.0,0.5654747020088355,0.06168926886792453,0.06121855460229751,0.06405887470997684,0.064
27115,Pine County,Minnesota,0.9359411252900232,0.22784947795823665,0.4133,59840.0,0.5654747020088355,0.06168926886792453,0.06121855460229751,0.06405887470997684,0.078
27117,Pipestone County,Minnesota,0.9265199956648965,0.24471659260864853,0.4366,58288.0,0.6316823347832188,0.03065304309195913,0.09208333333333334,0.07348000433510349,0.028999999999999998
27117,Pipestone County,Minnesota,0.9265199956648965,0.24471659260864853,0.4366,58288.0,0.6316823347832188,0.03065304309195913,0.09208333333333334,0.07348000433510349,0.042
27119,Polk County,Minnesota,0.9469196472158037,0.21931851466137273,0.432,61643.0,0.6430151577222449,0.04427879714576962,0.07021665361524407,0.053080352784196316,0.031000000000000003
27119,Polk County,Minnesota,0.9469196472158037,0.21931851466137273,0.432,61643.0,0.6430151577222449,0.04427879714576962,0.07021665361524407,0.053080352784196316,0.034
27121,Pope County,Minnesota,0.9698096101541251,0.1600181323662738,0.4108,67040.0,0.6389195148842337,0.012251941328731666,0.03940428172510084,0.030190389845874854,0.039
27121,Pope County,Minnesota,0.9698096101541251,0.1600181323662738,0.4108,67040.0,0.6389195148842337,0.012251941328731666,0.03940428172510084,0.030190389845874854,0.036000000000000004
27123,Ramsey County,Minnesota,0.9497500792744509,0.24762039177158693,0.4637,71494.0,0.6891319087307262,0.04834348437186266,0.08918166515602745,0.050249920725549124,0.026000000000000002
27123,Ramsey County,Minnesota,0.9497500792744509,0.24762039177158693,0.4637,71494.0,0.6891319087307262,0.04834348437186266,0.08918166515602745,0.050249920725549124,0.027999999999999997
27125,Red Lake County,Minnesota,0.9708588957055214,0.16973415132924335,0.4078,62417.0,0.6379029632041681,0.019908116385911178,0.044933078393881457,0.02914110429447858,0.055999999999999994
27125,Red Lake County,Minnesota,0.9708588957055214,0.16973415132924335,0.4078,62417.0,0.6379029632041681,0.019908116385911178,0.044933078393881457,0.02914110429447858,0.039
27127,Redwood County,Minnesota,0.9324128862590401,0.19605522682445758,0.4063,59638.0,0.6245736627568422,0.02077783697389451,0.059164149043303124,0.06758711374095994,0.03
27127,Redwood County,Minnesota,0.9324128862590401,0.19605522682445758,0.4063,59638.0,0.6245736627568422,0.02077783697389451,0.059164149043303124,0.06758711374095994,0.036000000000000004
27129,Renville County,Minnesota,0.9510629486471562,0.2107261181667587,0.4235,61233.0,0.6237674697762153,0.03395189003436426,0.05918918918918919,0.04893705135284376,0.05
27129,Renville County,Minnesota,0.9510629486471562,0.2107261181667587,0.4235,61233.0,0.6237674697762153,0.03395189003436426,0.05918918918918919,0.04893705135284376,0.039
27131,Rice County,Minnesota,0.9441228643450659,0.20075934397659725,0.4291,71384.0,0.6472357331155089,0.05197338228545204,0.06882168925964546,0.05587713565493413,0.031000000000000003
27131,Rice County,Minnesota,0.9441228643450659,0.20075934397659725,0.4291,71384.0,0.6472357331155089,0.05197338228545204,0.06882168925964546,0.05587713565493413,0.033
27133,Rock County,Minnesota,0.9613887427669647,0.1863229879011047,0.4397,68638.0,0.6831604150039904,0.022390965732087226,0.0587557603686636,0.03861125723303527,0.023
27133,Rock County,Minnesota,0.9613887427669647,0.1863229879011047,0.4397,68638.0,0.6831604150039904,0.022390965732087226,0.0587557603686636,0.03861125723303527,0.019
27135,Roseau County,Minnesota,0.9496374423203692,0.15234014502307186,0.406,65651.0,0.6835810979154555,0.04434455108735269,0.07329160146061554,0.050362557679630826,0.034
27135,Roseau County,Minnesota,0.9496374423203692,0.15234014502307186,0.406,65651.0,0.6835810979154555,0.04434455108735269,0.07329160146061554,0.050362557679630826,0.03
27137,St. Louis County,Minnesota,0.962503296747885,0.1992402264105009,0.451,61213.0,0.6138189898504595,0.04875399923684288,0.06851420973907263,0.03749670325211496,0.039
27137,St. Louis County,Minnesota,0.962503296747885,0.1992402264105009,0.451,61213.0,0.6138189898504595,0.04875399923684288,0.06851420973907263,0.03749670325211496,0.036000000000000004
27139,Scott County,Minnesota,0.9662998020417402,0.1375708562201458,0.4051,109031.0,0.7615348710225721,0.03191858448016653,0.03144185121666294,0.03370019795825985,0.024
27139,Scott County,Minnesota,0.9662998020417402,0.1375708562201458,0.4051,109031.0,0.7615348710225721,0.03191858448016653,0.03144185121666294,0.03370019795825985,0.027000000000000003
27141,Sherburne County,Minnesota,0.9691746698043207,0.11973965952214378,0.3763,92374.0,0.731348132106118,0.02692848682262363,0.030135326196727933,0.030825330195679346,0.042
27141,Sherburne County,Minnesota,0.9691746698043207,0.11973965952214378,0.3763,92374.0,0.731348132106118,0.02692848682262363,0.030135326196727933,0.030825330195679346,0.035
27143,Sibley County,Minnesota,0.9452193248433394,0.16798059429957551,0.4152,67412.0,0.678827196899486,0.03388357949609035,0.03291205897840969,0.05478067515666063,0.048
27143,Sibley County,Minnesota,0.9452193248433394,0.16798059429957551,0.4152,67412.0,0.678827196899486,0.03388357949609035,0.03291205897840969,0.05478067515666063,0.040999999999999995
27145,Stearns County,Minnesota,0.9612344605310278,0.18088453471120888,0.4286,68212.0,0.7119927341118979,0.04836087781089136,0.07429091855321364,0.03876553946897221,0.035
27145,Stearns County,Minnesota,0.9612344605310278,0.18088453471120888,0.4286,68212.0,0.7119927341118979,0.04836087781089136,0.07429091855321364,0.03876553946897221,0.031000000000000003
27147,Steele County,Minnesota,0.961962692619627,0.1951338199513382,0.4266,73468.0,0.6788168201181806,0.03841287514550332,0.041840154361734536,0.03803730738037303,0.031000000000000003
27147,Steele County,Minnesota,0.961962692619627,0.1951338199513382,0.4266,73468.0,0.6788168201181806,0.03841287514550332,0.041840154361734536,0.03803730738037303,0.036000000000000004
27149,Stevens County,Minnesota,0.9600625651720542,0.17142857142857143,0.5123,65750.0,0.6833867864015395,0.01914773793880233,0.06015037593984962,0.03993743482794576,0.033
27149,Stevens County,Minnesota,0.9600625651720542,0.17142857142857143,0.5123,65750.0,0.6833867864015395,0.01914773793880233,0.06015037593984962,0.03993743482794576,0.03
27151,Swift County,Minnesota,0.9454301629874149,0.24303693005983082,0.4519,53664.0,0.6186700767263427,0.03431169904919388,0.09025949605114705,0.05456983701258511,0.040999999999999995
27151,Swift County,Minnesota,0.9454301629874149,0.24303693005983082,0.4519,53664.0,0.6186700767263427,0.03431169904919388,0.09025949605114705,0.05456983701258511,0.037000000000000005
27153,Todd County,Minnesota,0.8955505581880974,0.2136374588386475,0.4029,58021.0,0.584587995930824,0.03802314452275298,0.08773784355179703,0.10444944181190263,0.051
27153,Todd County,Minnesota,0.8955505581880974,0.2136374588386475,0.4029,58021.0,0.584587995930824,0.03802314452275298,0.08773784355179703,0.10444944181190263,0.043
27155,Traverse County,Minnesota,0.9750152346130408,0.22943327239488118,0.4301,56667.0,0.6293294030950627,0.04156908665105386,0.04728132387706856,0.02498476538695915,0.042
27155,Traverse County,Minnesota,0.9750152346130408,0.22943327239488118,0.4301,56667.0,0.6293294030950627,0.04156908665105386,0.04728132387706856,0.02498476538695915,0.031000000000000003
27157,Wabasha County,Minnesota,0.9515416431660086,0.14518706523782665,0.4121,70603.0,0.6725530932594644,0.03766946970997082,0.040071965979718675,0.048458356833991356,0.039
27157,Wabasha County,Minnesota,0.9515416431660086,0.14518706523782665,0.4121,70603.0,0.6725530932594644,0.03766946970997082,0.040071965979718675,0.048458356833991356,0.03
27159,Wadena County,Minnesota,0.9439988333090272,0.3329444363424238,0.4206,50100.0,0.613263785394933,0.07108140947752126,0.09134615384615384,0.05600116669097277,0.067
27159,Wadena County,Minnesota,0.9439988333090272,0.3329444363424238,0.4206,50100.0,0.613263785394933,0.07108140947752126,0.09134615384615384,0.05600116669097277,0.057999999999999996
27161,Waseca County,Minnesota,0.9597196932075264,0.226011146057496,0.423,66502.0,0.659238625812442,0.0375251509054326,0.06375838926174497,0.04028030679247363,0.054000000000000006
27161,Waseca County,Minnesota,0.9597196932075264,0.226011146057496,0.423,66502.0,0.659238625812442,0.0375251509054326,0.06375838926174497,0.04028030679247363,0.042
27163,Washington County,Minnesota,0.9657772909598159,0.10317954041500807,0.4264,102258.0,0.6963127306050595,0.0325483133615017,0.028662330714868935,0.034222709040184096,0.023
27163,Washington County,Minnesota,0.9657772909598159,0.10317954041500807,0.4264,102258.0,0.6963127306050595,0.0325483133615017,0.028662330714868935,0.034222709040184096,0.026000000000000002
27165,Watonwan County,Minnesota,0.9022414258709155,0.20433882437663156,0.4426,59494.0,0.6309591860066308,0.05852509512592861,0.0945609669392108,0.09775857412908451,0.033
27165,Watonwan County,Minnesota,0.9022414258709155,0.20433882437663156,0.4426,59494.0,0.6309591860066308,0.05852509512592861,0.0945609669392108,0.09775857412908451,0.027999999999999997
27167,Wilkin County,Minnesota,0.970905678085406,0.20694509619896762,0.4642,57907.0,0.6401714397038769,0.039866098600121726,0.06425452276980662,0.029094321914594046,0.03
27167,Wilkin County,Minnesota,0.970905678085406,0.20694509619896762,0.4642,57907.0,0.6401714397038769,0.039866098600121726,0.06425452276980662,0.029094321914594046,0.026000000000000002
27169,Winona County,Minnesota,0.9441291130547196,0.13537479548346698,0.4364,61753.0,0.6903290702687168,0.0270954759922287,0.04328924243825733,0.05587088694528042,0.026000000000000002
27169,Winona County,Minnesota,0.9441291130547196,0.13537479548346698,0.4364,61753.0,0.6903290702687168,0.0270954759922287,0.04328924243825733,0.05587088694528042,0.025
27171,Wright County,Minnesota,0.9551919165786316,0.11246936736879172,0.3802,94276.0,0.7276900216734968,0.024243370140595938,0.03332146866358185,0.04480808342136844,0.039
27171,Wright County,Minnesota,0.9551919165786316,0.11246936736879172,0.3802,94276.0,0.7276900216734968,0.024243370140595938,0.03332146866358185,0.04480808342136844,0.032
27173,Yellow Medicine County,Minnesota,0.9649989489173849,0.2312381753205802,0.4024,65014.0,0.6384232582503929,0.03446153846153846,0.05775638652350981,0.03500105108261509,0.034
27173,Yellow Medicine County,Minnesota,0.9649989489173849,0.2312381753205802,0.4024,65014.0,0.6384232582503929,0.03446153846153846,0.05775638652350981,0.03500105108261509,0.04
